old_id,old_label,status,new_id,new_topic_name,note,video_file
1.1,"Topic 1.1",KEEP,1.1,"What Can We Learn from Data?","","media/1-1__0__1wEbNmDM4KBUWvvoRoQIgIYKYWxG3x6Cv.mp4"
1.2,"Topic 1.2",KEEP,1.2,"Variables","","media/1-2__0__1cJ3a5DSlZ0w3vta901HVyADfQ-qKVQcD.mp4"
1.3,"Topic 1.3",KEEP,1.3,"Tables & Summary Stats (1 categorical)","","media/1-3__0__1F9_jLryrjHyXUN21eZmNHrTIGATBhhDw.mp4"
1.4,"Topic 1.4",KEEP,1.4,"Graphs (1 categorical)","","media/1-4__0__1vo3zsZu4wZAAkf-fPTuCmKXudgs0Gnl4.mp4"
1.5,"Topic 1.5",KEEP,1.5,"Graphs (1 quantitative)","","media/1-5__0__1jlopxNducZRaqXtU9c2NvXxq_tGK90ue.mp4"
1.6,"Topic 1.6",KEEP,1.6,"Describing 1-quant distributions","","media/1-6__0__1oWGqzk4meQ6HuXE-mTDHMStp-qOGDUZJ.mp4"
1.7,"Topic 1.7",KEEP,1.7,"Summary stats (1 quant)","","media/1-7__0__1JpzXso3aZ8P8MXQ8b8f1kpjlq_ciaQCK.mp4"
1.8,"Topic 1.8",KEEP,1.8,"Graphs of summary stats","","media/1-8__0__1sKc6XpjX5RUjGv5wbjUl7R1QEYLXG6W8.mp4"
1.9,"Topic 1.9",KEEP,1.9,"Comparing distributions","","media/1-9__0__1zUev1tHzgJLMi337FjuxY49siAJJf_w8.mp4"
1.10,"Topic 1.10",KEEP,2.11,"The Normal Distribution","Normal Dist. moved to Unit 2","media/1-10__0__1vTOitP631CGaZJMJjE6VVw53kiOa0zGv.mp4"
2.1,"Topic 2.1",KEEP,2.1,"Two categorical vars: tables/graphs","intro folded","media/2-1__0__1epQNhpTqA0qMv8ceTpH5IagjDDUlOPC0.mp4"
2.2,"Topic 2.2",KEEP,2.1,"Two categorical vars: tables/graphs","","media/2-2__0__170yFl1LoVYwYZ8a6coNhfQkfkFiHD1gg.mp4"
2.3,"Topic 2.3",KEEP,2.2,"Two categorical vars: summary stats","","media/2-3__0__1IZIAXWtHsQfr1o7GZIJ2nnYXaQZt6Xyh.mp4"
2.4,"Topic 2.4",KEEP,5.1,"Graphs of two quant vars","","media/2-4__0__1RCEtVGX87UjgbneQqQKc5rNYhAQb4jPS.mp4"
2.5,"Topic 2.5",KEEP,5.2,"Correlation","","media/2-5__0__1UnF2HFBgzzgj7M7_SIxhzJxrWiQQ7Itm.mp4"
2.6,"Topic 2.6",KEEP,5.3,"Linear Regression Models","","media/2-6__0__1O_VPIl1W7TNAOi2wWNs0Uphbw11Mlagj.mp4"
2.7,"Topic 2.7",KEEP,5.4,"Residuals","","media/2-7__0__1bk2KcUGXtM_uqBiv4IHwiXImazzX8S0k.mp4"
2.8,"Topic 2.8",KEEP,5.5,"Least-Squares Regression","","media/2-8__0__1_rLSLHvicUEZYr0YJ49e4rn5ezLP6cGX.mp4"
2.9,"Topic 2.9",BONUS,,"","regression diagnostics / departures from linearity","media/2-9__0__19OKlAS6U2MyiT0E3LMsR8Hxu9LHWt78Q.mp4"
3.1,"Topic 3.1",KEEP,1.10,"Investigative Q & Data Collection","collecting-data folds into Unit 1","media/3-1__0__1TvZluuFXhx8theWMpU0hSs19vvP39Vua.mp4"
3.2,"Topic 3.2",KEEP,1.10,"Investigative Q & Data Collection","","media/3-2__0__121AAheYGEysRFC58l3KVJVkBVJmPo--U.mp4"
3.3,"Topic 3.3",KEEP,1.11,"Random Sampling","","media/3-3__0__1ogJAzU5hvGomK2eZGCkMza7EOpU67BaT.mp4"
3.4,"Topic 3.4",KEEP,1.12,"Problems with Sampling","","media/3-4__0__1o3YuZt7Kai5qovHysWo4vaXlHp3WXtc9.mp4"
3.5,"Topic 3.5",KEEP,1.13,"Experimental Design","","media/3-5__0__1PVA-SIVNccjFYexZsUrHbdCps1wlKeBl.mp4"
3.6,"Topic 3.6",KEEP,1.13,"Experimental Design","","media/3-6__0__14I05d33AzFvCrjTAFSxtAlPiFLEuspZK.mp4"
3.7,"Topic 3.7",KEEP,1.13,"Experimental Design","Inference&Experiments folded (light verify)","media/3-7__0__10TnxIb09QzsRvYQm-G3eiWQ5CSrELuJz.mp4"
4.1,"Topic 4.1",KEEP,2.3,"Estimating probabilities (simulation)","intro folded","media/4-1__0__1lNfQZIrnUbG6JkCzw4wB-kcYNHpckwc-.mp4"
4.2,"Topic 4.2",KEEP,2.3,"Estimating probabilities (simulation)","","media/4-2__0__1qdvG72sMnfrQAavaoLV7x4wa1o_uE5Eh.mp4"
4.3,"Topic 4.3",KEEP,2.4,"Intro to Probability","","media/4-3__0__1eAYcRNceHy01t7bmARB3vtTDZnNNqmOV.mp4"
4.4,"Topic 4.4",KEEP,2.5,"Mutually Exclusive Events","","media/4-4__0__1TRJBAVaIbAWWLREvsDgRCxf0sNcFkpxf.mp4"
4.5,"Topic 4.5",KEEP,2.6,"Conditional Probability","","media/4-5__0__1fpXLiPwBKO3kqppTWm4FpqjCcHX3Qf84.mp4"
4.6,"Topic 4.6",KEEP,2.7,"Independent Events & Unions","","media/4-6__0__1TwLZF8dM35fcduBwRzmQUWgSTCynk5tV.mp4"
4.7,"Topic 4.7",KEEP,2.8,"Intro to Random Variables","","media/4-7__0__1UgJNPPVuG8ZGUobUD-KfM_EQz9AKfgAX.mp4"
4.8,"Topic 4.8",KEEP,2.9,"Parameters of Random Variables","","media/4-8__0__1KgvrdwR0U9ScngjSq4AS7WJ2ecuQzswu.mp4"
4.9,"Topic 4.9",BONUS,,"","combining random variables","media/4-9__0__1welWQ8TTKlI1gBl4MrWzsd_NGeXZNanh.mp4"
4.10,"Topic 4.10",KEEP,2.10,"The Binomial Distribution","","media/4-10__0__1JC95sdBTR6XF2W9STnF9ENg8ki85B2oM.mp4"
4.11,"Topic 4.11",KEEP,2.10,"The Binomial Distribution","merged into Binomial","media/4-11__0__1Yb5FnTa4R-JbWUaAqNsWJtYtbMaWw2gd.mp4"
4.12,"Topic 4.12",BONUS,,"","geometric distribution","media/4-12__0__1PVmey_huN37gyeaxXfKMOJRKhdWpPY_N.mp4"
5.1,"Topic 5.1",KEEP,2.12,"Sampling Distributions & CLT","intro folded","media/5-1__0__1QtdgRvz6FDzTKK4UgACKVxdqJMyZDGR8.mp4"
5.2,"Topic 5.2",KEEP,2.11,"The Normal Distribution","Normal, merged","media/5-2__0__1JFYjH0zXcPRk4Z18dTnbqWQLhu6IM_y3.mp4"
5.3,"Topic 5.3",KEEP,2.12,"Sampling Distributions & CLT","","media/5-3__0__1N5xTQ9hpOwIDTxbF0AxIzPxxaCbmOWaA.mp4"
5.4,"Topic 5.4",KEEP,3.1,"Estimators","","media/5-4__0__1n0CE4BjYdx_bRDz-iEH2FyK7sfgcG3Mj.mp4"
5.5,"Topic 5.5",KEEP,3.2,"Sampling dist. for proportions","","media/5-5__0__1y1iW173PGADlfmDuZuvUYwg-czY2FKCo.mp4"
5.6,"Topic 5.6",KEEP,3.9,"Sampling dist. (diff of proportions)","","media/5-6__0__1XufYZpotzaSRppEfFckSzr6mVavfTWoX.mp4"
5.7,"Topic 5.7",KEEP,4.1,"Sampling dist. for means","","media/5-7__0__1ovisJH6Caxyyg8bLqPfGINveGYqQGD39.mp4"
5.8,"Topic 5.8",KEEP,4.6,"Sampling dist. (diff of means)","","media/5-8__0__1zaan99AFqpAEwbvLob9LwBqV-dji4Yli.mp4"
6.1,"Topic 6.1",KEEP,3.3,"CI for a proportion","intro folded","media/6-1__0__1fKcwvZJ-k_1_W4oNdavj1PhE5HdxpwiA.mp4"
6.2,"Topic 6.2",KEEP,3.3,"CI for a proportion","","media/6-2__0__1Z1IVxhFEx4Bul3FfJHBqBSn8LyTDMfOB.mp4"
6.3,"Topic 6.3",KEEP,3.4,"Justify claim (CI, proportion)","","media/6-3__0__1jeFQcdB2pJN0iZbYzB_MZcvotx00A0mr.mp4"
6.4,"Topic 6.4",KEEP,3.5,"Set up test (proportion)","","media/6-4__0__11xz3nOZxcbyVkG5zbq62s0A1Bjl4hSaL.mp4"
6.5,"Topic 6.5",KEEP,3.6,"p-Values","","media/6-5__0__1K1SjzRvRK_7YmJCDwktQvqDKrZl0hXes.mp4"
6.6,"Topic 6.6",KEEP,3.7,"Carry out test (proportion)","","media/6-6__0__1DMt9tQ1_QTmBEQtOZAAukjxirGcMBrUf.mp4"
6.7,"Topic 6.7",KEEP,3.8,"Potential Errors","","media/6-7__0__1xbhiSuRKc4cfXW3Ppb7iItQoh1FM_QRX.mp4"
6.8,"Topic 6.8",KEEP,3.10,"CI (diff of proportions)","","media/6-8__0__1mRfi7bTMSHtadxhLc2pAEmAMjmLpgvZn.mp4"
6.9,"Topic 6.9",KEEP,3.11,"Justify claim (CI, 2 prop)","","media/6-9__0__1LqtzJe8MTykYtX8mVcf4pbU1BtVcvwfb.mp4"
6.10,"Topic 6.10",KEEP,3.12,"Set up test (2 prop)","","media/6-10__0__1dIRMyHdePpkx7pCJFcAkRHIPj2Q8RtqG.mp4"
6.11,"Topic 6.11",KEEP,3.13,"Carry out test (2 prop)","","media/6-11__0__1nJ5tGJ5m9ft1c8yieYqHjCQAvZLotnD1.mp4"
7.1,"Topic 7.1",KEEP,4.2,"CI for a mean (or mean diff)","intro folded","media/7-1__0__1DRCmH8ENSMJwf75yG-M_hPnUWcF2uww4.mp4"
7.2,"Topic 7.2",KEEP,4.2,"CI for a mean (or mean diff)","","media/7-2__0__1QOnc8wCvA10U9AvoAfl9ksdmnzC7rIi1.mp4"
7.3,"Topic 7.3",KEEP,4.3,"Justify claim (CI, mean)","","media/7-3__0__12f3_LWkXq3ezMJwDaFfGlxobizRKvj1I.mp4"
7.4,"Topic 7.4",KEEP,4.4,"Set up test (mean)","","media/7-4__0__1ugAdsbFI9jyFAClJPphWtmva2DWNron2.mp4"
7.5,"Topic 7.5",KEEP,4.5,"Carry out test (mean)","","media/7-5__0__1h5r9eDoSwjLJye7PeHcz68AI5p-RDFeR.mp4"
7.6,"Topic 7.6",KEEP,4.7,"CI (diff of means)","","media/7-6__0__1fIwr8VpJ1OfuMxmweLAYOL88CLUVpzvF.mp4"
7.7,"Topic 7.7",KEEP,4.8,"Justify claim (CI, 2 means)","","media/7-7__0__1bkfmDJMIaDxbg2XTAnRfdpamFMSCFfM-.mp4"
7.8,"Topic 7.8",KEEP,4.9,"Set up test (2 means)","","media/7-8__0__1uLGTaehZ2mRh5el69Zu88SnsWfwiKwRR.mp4"
7.9,"Topic 7.9",KEEP,4.10,"Carry out test (2 means)","","media/7-9__0__1329C4d76DZoxl1yQQql_T9SAeoHedObV.mp4"
8.1,"Topic 8.1",KEEP,3.14,"Set up chi-square (homog/indep)","intro folded","media/8-1__0__1kw-NYDqOcOUP8zvAsSuzIfuQ9KXow99C.mp4"
8.2,"Topic 8.2",BONUS,,"","chi-square goodness-of-fit","media/8-2__0__1Aup8w5fYTy69zWogOdtsXCO6kl6UNCCT.mp4"
8.3,"Topic 8.3",BONUS,,"","chi-square goodness-of-fit","media/8-3__0__1NemHYSwgnig3l3FUeyDYcDdt80aIYfd4.mp4"
8.4,"Topic 8.4",KEEP,3.14,"Set up chi-square (homog/indep)","expected counts folded","media/8-4__0__16dgP2zYBVUN2qzFlGRXKZ5aqErJv8FyQ.mp4"
8.5,"Topic 8.5",KEEP,3.14,"Set up chi-square (homog/indep)","","media/8-5__0__1YHP2ipcZ5Vj35OVgZBYwExUjfU-yB2q1.mp4"
8.6,"Topic 8.6",KEEP,3.15,"Carry out chi-square","","media/8-6__0__1DS_LxyMAABbjaN3VrMjBcDXy0PwbDaP3.mp4"
9.1,"Topic 9.1",BONUS,,"","slope inference (old Unit 9)","media/9-1__0__1aMPs1uK5H7dvYoVaGh2TQLkdJGBAjoPd.mp4"
9.2,"Topic 9.2",BONUS,,"","slope inference","media/9-2__0__18e3wAS58P1SW1ok8tv3mtFPhmM3pCRwN.mp4"
9.3,"Topic 9.3",BONUS,,"","slope inference","media/9-3__0__1yWqjcF-IyHImRwTBV3cEIt13u0infZzI.mp4"
9.4,"Topic 9.4",BONUS,,"","slope inference","media/9-4__0__1LKHmLObjf3Nnszvk833XeLgH5JJ9F0_g.mp4"
9.5,"Topic 9.5",BONUS,,"","slope inference","media/9-5__0__1aggJHSL5dJcEBYuo4Z7M_lvsoLvx4RYY.mp4"
