feature_id	area	feature	role	user_story	expected_behavior	code_evidence	test_evidence	test_status	observed_errors	fix_status	retest_status	last_checked
F001	Landing	Site entry navigation	Student/teacher	As a visitor, I want the home page to route me to the right course surface so I can start from the correct app.	index.html presents Start Here and Open The Desk primary actions, student cards for Desk, Start Here, worksheets, diagnostic guide, TI-84 trainer, external equation trainer, and teacher links for dashboard, classroom cockpit, and code generator.	index.html	tests/roadmap-resilience.test.js	Automated post-fix pass: root 7424/7424; server 1061/1061 where applicable.		No open automated failures.	Passed automated suite 2026-06-21.	2026-06-22
F002	Start Here	Orientation and course expectations	Student/guardian	As a new student, I want a readable orientation so I understand mastery grading, lesson flow, and expectations before using the Desk.	start-here.html explains course promises, daily lesson flow, progress checks, work categories, minimum participation cap, lesson tile workflow, and AI tutor prompt support.	start-here.html	tests/remaining-feature-contracts.test.js (6/6)	Automated post-fix pass: root 7424/7424; server 1061/1061 where applicable.	None found in focused remaining-feature contract test.	No code fix required; behavior pinned by automated coverage.	Passed focused retest and full root suite post-fix.	2026-06-22
F003	Start Here	Grade playground	Student/guardian	As a student, I want to model grade outcomes so I understand how progress checks and work combine.	The playground exposes Quick toy and real Q1 tabs, keyboard-accessible tab switching, sliders, preset buttons, real grade inputs, null-safe work averages, minimum-side cap logic, and formatted percentage outputs.	start-here.html	tests/grade-playground.test.js	Automated post-fix pass: root 7424/7424; server 1061/1061 where applicable.		No open automated failures.	Passed automated suite 2026-06-21.	2026-06-22
F004	Start Here	Signed-in progress preview	Student	As a signed-in student, I want Start Here to show my quarter and unit progress so I can orient myself before opening the Desk.	On DOM ready, Start Here uses rosterClient.token and ROSTER_SERVICE_URL to fetch grade/rollup data, rendering signed-out fallback if identity or service config is unavailable.	start-here.html; roster-client.js	tests/remaining-feature-contracts.test.js (6/6)	Automated post-fix pass: root 7424/7424; server 1061/1061 where applicable.	None found in focused remaining-feature contract test.	No code fix required; behavior pinned by automated coverage.	Passed focused retest and full root suite post-fix.	2026-06-22
F005	Roster identity	Student sign-in session	Student	As a student, I want to sign in once and have the Desk, worksheets, trainer, wallet, and gradebook know who I am.	rosterClient.signIn posts to /roster/verify, persists studentId, username, realName, section, role, token, spriteHue, mustChangePassword, and exposes current, studentId, token, and signOut helpers that never throw.	roster-client.js; roster-server/server.js	tests/roster-client.test.js; roster-server/tests/auth.test.js	Failed initial automated loop; passed targeted retest and full post-fix suites.	Root/server initial failures: _deskAccessGranted granted access in an isolated guard when _deskGuestOk was missing; updateUserRoleUI init call was too far from loadRegistry for the persisted-role contract; bcrypt-heavy roster-server auth tests (brute-force lockout, change-password) timed out at the 5s default under the full parallel run.	Guarded the guest helper and moved updateUserRoleUI immediately after loadRegistry; added roster-server/vitest.config.js with a suite-global testTimeout (15s) so every bcrypt-heavy test has crypto headroom (supersedes an earlier per-test bump that had landed on the wrong it()).	Passed: targeted root role/sign-in tests, roster-server auth + signup-claim tests, full root and full server suites green (reproducible, not load-dependent).	2026-06-22
F006	Roster identity	Password change gate	Student	As a student with a temporary password, I want to change it from the app so my account is usable and secure.	rosterClient.changePassword requires a stored token, posts /roster/change-password, clears mustChangePassword locally on success, and returns ok/error without throwing.	roster-client.js; roster-server/server.js	roster-server/tests/auth.test.js	Automated post-fix pass: root 7424/7424; server 1061/1061 where applicable.		No open automated failures.	Passed automated suite 2026-06-21.	2026-06-22
F007	Roster identity	Self signup and username claim	Student	As a joining student, I want to claim a generated username and section without seeing private period names.	rosterClient.openSections fetches public section labels; claim posts realName, section, username, pin, optional teacherKey, persists a session on success, and reports username-taken for reroll/retry UX.	roster-client.js; roster-server/server.js	tests/desk-self-signup.test.js; roster-server/tests/signup-claim.test.js	Failed initial automated loop; passed targeted retest and full post-fix suites.	Root initial failures: sign-in modal lacked direct _switchToSignUp cross-link; first-time fallback branch text was missing while Name Finder remained primary.	Fixed sign-in create-account escape and first-time fallback branch while preserving Name Finder as primary when available.	Passed: tests/desk-self-signup.test.js, tests/desk-signin-wall.test.js, full root 7424/7424.	2026-06-22
F008	Roster identity	Sprite hue identity	Student	As a student, I want my avatar color choice to persist across Desk and classroom surfaces.	rosterClient.updateSpriteHue updates persisted session hue; server exposes GET/PATCH /roster/:studentId/sprite-hue; classroom and Desk read spriteHue for avatar rendering.	roster-client.js; roster-server/server.js; classroom-board.js	tests/desk-menu-sprite-hue.test.js; roster-server/tests/sprite-hue.test.js	Automated post-fix pass: root 7424/7424; server 1061/1061 where applicable.		No open automated failures.	Passed automated suite 2026-06-21.	2026-06-22
F009	Desk shell	Desktop app launch and window management	Student	As a Desk user, I want icons to open, minimize, restore, and maximize app windows without losing context.	The Desk has draggable app icons, openApp/destroyApp/minimizeApp/toggleMaximize, usage-based arrangement, selected icon state, context menu open/new-tab options, and app iframe URL resolution.	ap_stats_roadmap_square_mode.html	tests/desk-modal-polish.test.js; tests/desk-modal-escape.test.js; tests/desk-avatar-menu.test.js	Failed initial automated loop; passed targeted retest and full post-fix suites.	Root initial failure: app icon PNG/emoji regression test still expected the older five-icon desktop after the Desk intentionally reduced visible desktop icons.	Updated test contract to current lean desktop while retaining PNG-or-emoji fallback checks.	Passed: tests/desk-gating-fixes.test.js and full root 7424/7424.	2026-06-22
F010	Desk shell	View menu and dialogs	Student	As a Desk user, I want menu commands and dialogs to give clear feedback without breaking the app.	wsx.js updates menu state, shows modal dialogs with icon/message/button/sound, closes dialogs, and wires Escape behavior for modals.	ap_stats_roadmap_square_mode.html	tests/desk-modal-escape.test.js; tests/desk-modal-polish.test.js	Automated post-fix pass: root 7424/7424; server 1061/1061 where applicable.		No open automated failures.	Passed automated suite 2026-06-21.	2026-06-22
F011	Desk roadmap	Calendar and lesson map	Student	As a student, I want the Desk roadmap/calendar to show today, upcoming lessons, locked lessons, completed work, and schedule context.	The roadmap renders unit-colored cells, state legend, today/up-next/done/locked markers, date math, tooltip details, calendar stepping, live indicator, and lesson focus helpers.	ap_stats_roadmap_square_mode.html	tests/desk-calendar-sync.test.js; tests/desk-summer-calendar.test.js; tests/schedule.test.js	Automated post-fix pass: root 7424/7424; server 1061/1061 where applicable.		No open automated failures.	Passed automated suite 2026-06-21.	2026-06-22
F012	Desk roadmap	Lesson tile links	Student	As a student, I want each lesson tile to open the lesson video worksheet, quiz, and related practice from one place.	The Desk maps lesson/unit data to video follow-along pages, work manifest items, quiz/blooket links, and openApp/app URL behavior.	ap_stats_roadmap_square_mode.html; data/work-manifest.json	tests/desk-video-availability.test.js; tests/work-manifest.test.js	Automated post-fix pass: root 7424/7424; server 1061/1061 where applicable.		No open automated failures.	Passed automated suite 2026-06-21.	2026-06-22
F013	Desk roadmap	Lesson gate and unlocks	Student/teacher	As a student, I want locked lessons to stay locked until unlocked, and as a teacher I want overrides to open or revoke lessons.	The Desk dims locked lesson cells; server supports teacher lesson unlock, revoke, student unlock list, and teacher per-student unlock list; UI includes inline gate override actions.	ap_stats_roadmap_square_mode.html; roster-server/lesson-unlock.js; teacher-dashboard.html; teacher-classroom.html	tests/desk-lesson-gate.test.js; tests/desk-lesson-unlock.test.js; roster-server/tests/lesson-unlock-endpoints.test.js; roster-server/tests/lesson-unlock-revoke.test.js	Automated post-fix pass: root 7424/7424; server 1061/1061 where applicable.		No open automated failures.	Passed automated suite 2026-06-21.	2026-06-22
F014	Desk work loop	Do Now card	Student	As a student, I want the Desk to highlight the next do-now item so I know what to do at the start of class.	/donow computes current completion structure from ledger and work manifest; Desk Do Now card renders current task, speedbump/ledger states, coloring, and app icon attention state.	roster-server/donow.js; ap_stats_roadmap_square_mode.html	tests/desk-donow-card.test.js; tests/desk-donow-coloring.test.js; tests/desk-donow-ledger.test.js; tests/desk-donow-speedbump.test.js; roster-server/tests/donow.test.js	Automated post-fix pass: root 7424/7424; server 1061/1061 where applicable.		No open automated failures.	Passed automated suite 2026-06-21.	2026-06-22
F015	Desk work loop	Completion gate	Student	As a student, I want completion buttons to record only valid work and tell me when criteria are not met.	The Desk uses manifest criteria and gradebook client writes to control Done buttons, show locked/disabled states, and avoid silently treating incomplete work as completed.	ap_stats_roadmap_square_mode.html; gradebook-client.js; data/work-manifest.json	tests/desk-completion-gate.test.js; tests/worksheet-completion-tracker.test.js	Automated post-fix pass: root 7424/7424; server 1061/1061 where applicable.		No open automated failures.	Passed automated suite 2026-06-21.	2026-06-22
F016	Worksheets	Persistent answers and hydration	Student/teacher	As a student, I want prior worksheet answers to reappear, and as a teacher viewing as a student I want read-only prior answers for that student.	gradebookClient.fetchPrior validates a strict prefix, sends token in Authorization, supports __VIEW_AS_STUDENT_ID__ for teacher view-as, and returns a newest-first deduped Map without throwing.	gradebook-client.js; roster-server/ledger.js	tests/worksheet-hydration.test.js; tests/worksheet-viewas-module.test.js; tests/worksheet-identity-clean.test.js	Automated post-fix pass: root 7424/7424; server 1061/1061 where applicable.		No open automated failures.	Passed automated suite 2026-06-21.	2026-06-22
F017	Worksheets	Gradebook recording client	Student	As a student, I want worksheet and quiz work to save to the ledger without blocking my work.	gradebookClient.record validates source/itemId/response, reads identity at call time, no-ops with visible no-identity nudge, posts /ledger/record, captures signed receipts, maps auth/server/network errors, and never throws.	gradebook-client.js; roster-server/ledger.js	tests/gradebook-client.test.js; tests/ai-worksheet-grade.test.js; roster-server/tests/ledger.test.js	Automated post-fix pass: root 7424/7424; server 1061/1061 where applicable.		No open automated failures.	Passed automated suite 2026-06-21.	2026-06-22
F018	Worksheets	Sign-in wall and guest handling	Student	As a student, I want worksheets to guide me to sign in while still preventing lost work when identity is missing.	Worksheet sign-in wall and gradebook client no-identity alert protect saved work; guest flows can be reconciled later.	gradebook-client.js; roster-client.js; teacher-guest-reconcile.html	tests/worksheet-signin-wall.test.js; tests/desk-guest-chat.test.js; tests/desk-roster-signin.test.js	Automated post-fix pass: root 7424/7424; server 1061/1061 where applicable.		No open automated failures.	Passed automated suite 2026-06-21.	2026-06-22
F019	Student grades	My Gradebook	Student	As a student, I want to see my gradebook by quarter and category so I understand current standing.	The Desk opens My Gradebook, fetches class gradebook/grade data, chooses first gradebook quarter, renders categories and cells with keyboard handling and close behavior.	ap_stats_roadmap_square_mode.html; roster-server/gradebook-grid.js	tests/desk-my-gradebook.test.js; tests/gradebook-client.test.js; roster-server/tests/gradebook-grid.test.js	Automated post-fix pass: root 7424/7424; server 1061/1061 where applicable.		No open automated failures.	Passed automated suite 2026-06-21.	2026-06-22
F020	Student grades	Day grade modal and grade chips	Student	As a student, I want to inspect a day or lesson grade and understand what affected it.	Desk renders grade chips, day grade modal, grade outlook, why-so-low explanation, category bands, missing/due information, and close/key handling.	ap_stats_roadmap_square_mode.html; roster-server/grade.js	tests/desk-day-grade-modal.test.js; tests/desk-grade-chip.test.js; tests/desk-grade-outlook.test.js; tests/desk-why-so-low.test.js; roster-server/tests/grade.test.js	Automated post-fix pass: root 7424/7424; server 1061/1061 where applicable.		No open automated failures.	Passed automated suite 2026-06-21.	2026-06-22
F021	Receipts	Signed receipt history	Student	As a student, I want durable proof that grade writes happened.	gradebookClient captures signed compact receipts locally; fetchReceipts reads durable server ledger receipts; Desk wallet receipt tabs group, dedupe, and render receipt rows.	gradebook-client.js; ap_stats_roadmap_square_mode.html; roster-server/receipts.js	tests/desk-receipt-row.test.js; roster-server/tests/receipts.test.js; roster-server/tests/backfill-receipts.test.js	Automated post-fix pass: root 7424/7424; server 1061/1061 where applicable.		No open automated failures.	Passed automated suite 2026-06-21.	2026-06-22
F022	Wallet	Wallet balances and history	Student	As a student, I want a wallet view showing spendable balances, receipts, and transaction history.	Wallet render fetches wallet and receipts, paints grouped receipts, balances, wallet chain, and loading states; server exposes wallet and wallet chain endpoints.	ap_stats_roadmap_square_mode.html; js/wallet_logic.js; roster-server/doge-wallet.js	tests/desk-doge-wallet.test.js; tests/desk-wallet-render.test.js; tests/wallet-logic.test.js; roster-server/tests/doge-wallet.test.js	Automated post-fix pass: root 7424/7424; server 1061/1061 where applicable.		No open automated failures.	Passed automated suite 2026-06-21.	2026-06-22
F023	Wallet	Doge economy actions	Student/teacher	As a student, I want wallet actions like buy, sell, eat, gift, mark sent/given, and casino bets to follow conservation rules.	Server wallet routes implement eat, buy-doge, sell-doge, gift, bet open/resolve, address, class wallets, chain, and conservation checks; client wallet logic renders states.	roster-server/doge-wallet.js; roster-server/doge-chain.js; js/wallet_logic.js	tests/doge-wallet-logic.test.js; tests/doge-send.test.js; roster-server/tests/wallet-conservation.test.js; roster-server/tests/wallet-stakes-routes.test.js	Automated post-fix pass: root 7424/7424; server 1061/1061 where applicable.		No open automated failures.	Passed automated suite 2026-06-21.	2026-06-22
F024	Wallet	Doge presence submenu	Student	As a student, I want Desk presence controls for wallet/social state without opening the full wallet.	DogePresence exposes submenu state and Desk icon interactions; tests cover presence submenu and send behavior.	ap_stats_roadmap_square_mode.html; js/wallet_logic.js	tests/doge-presence-submenu.test.js; tests/doge-send.test.js	Automated post-fix pass: root 7424/7424; server 1061/1061 where applicable.		No open automated failures.	Passed automated suite 2026-06-21.	2026-06-22
F025	Live Classroom	Student board presence	Student	As a student, I want to appear on the live classroom board with my name/avatar status and reconnect automatically.	ClassroomBoard.mount opens WebSocket, sends classroom_join and heartbeat, reconnects with backoff, renders sprite scene, tracks online/offline members, name map, hue, and self-click behavior.	classroom-board.js; ap_stats_roadmap_square_mode.html	tests/classroom-board.test.js; tests/classroom-board-scroll.test.js; tests/desk-level-integration.test.js	Automated post-fix pass: root 7424/7424; server 1061/1061 where applicable.		No open automated failures.	Passed automated suite 2026-06-21.	2026-06-22
F026	Live Classroom	Check-in gate and greenlight	Student/teacher	As a teacher, I want to arm a gate and green-light the class, and as a student I want to check in and know when to start.	ClassroomBoard exposes armGate, greenLight, reset; students get check-in button when eligible; greenlight banner can start video; teacher cockpit renders check-in summary and indicators.	classroom-board.js; teacher-classroom.html	tests/classroom-board-gate.test.js; tests/classroom-board.test.js; tests/classroom-structure.test.js	Automated post-fix pass: root 7424/7424; server 1061/1061 where applicable.		No open automated failures.	Passed automated suite 2026-06-21.	2026-06-22
F027	Live Classroom	Polls	Student/teacher	As a teacher, I want to open, close, reveal, and archive polls, and as a student I want one clear vote path.	Teacher cockpit manages poll options and blind mode, ClassroomBoard creates option buttons, records votes, shows columns/results, reveal state, and archives via /poll-archive.	teacher-classroom.html; classroom-board.js; roster-server/poll-archive.js	tests/poll-archive-cockpit.test.js; tests/poll-archive-desk.test.js; roster-server/tests/poll-archive.test.js	Automated post-fix pass: root 7424/7424; server 1061/1061 where applicable.		No open automated failures.	Passed automated suite 2026-06-21.	2026-06-22
F028	Live Classroom	Doorways	Student/teacher	As a teacher, I want doorway choices to collect class responses and archive the result.	Teacher cockpit adds/removes doorway options, opens/closes doorways, renders tally charts; ClassroomBoard renders doorways and result panels, updates counts, and supports close/archive lifecycle.	teacher-classroom.html; classroom-board.js	tests/v3-p4-doorways.test.js; tests/classroom-board.test.js	Automated post-fix pass: root 7424/7424; server 1061/1061 where applicable.		No open automated failures.	Passed automated suite 2026-06-21.	2026-06-22
F029	Live Classroom	Interactive activities	Student/teacher	As a teacher, I want to run shared classroom activities and as students we want responsive controls and visual feedback.	Teacher cockpit starts/cancels activities, manual advance, hint, retry; ClassroomBoard syncs coins, keys, gates, tally, choice pads, chutes, context slots, goal pad, stage indicator, shared camera, and activity value sends.	teacher-classroom.html; classroom-board.js; activity-*.js	tests/classroom-board-activity.test.js; tests/activity-colorbox.test.js; tests/activity-level.test.js; tests/classroom-board-shared-camera.test.js	Automated post-fix pass: root 7424/7424; server 1061/1061 where applicable.		No open automated failures.	Passed automated suite 2026-06-21.	2026-06-22
F030	Live Classroom	Student keyboard avatar controls	Student	As a student, I want keyboard movement to control my classroom avatar without interfering with forms or modals.	ClassroomBoard maps arrow/WASD/space to player input, skips when inputs or modals are focused, supports jump/gravity/position broadcasts, and exposes selfEmote.	classroom-board.js	tests/desk-activity-kbd.test.js; tests/desk-self-emote.test.js; tests/classroom-board-level.test.js	Automated post-fix pass: root 7424/7424; server 1061/1061 where applicable.		No open automated failures.	Passed automated suite 2026-06-21.	2026-06-22
F031	Live Classroom	Cockpit live monitor and WebRTC	Teacher	As a teacher, I want to go live, monitor class presence, and handle real-time signaling cleanly.	Teacher cockpit Go Live/Exit Live sends live start/stop, opens monitor WebSocket, reconciles peers, handles RTC offer/answer/ICE over classroom signaling, and tears down peers.	teacher-classroom.html; classroom-board.js	tests/v3-p3-webrtc.test.js; tests/classroom-structure.test.js	Automated post-fix pass: root 7424/7424; server 1061/1061 where applicable.		No open automated failures.	Passed automated suite 2026-06-21.	2026-06-22
F032	Live Classroom	Teacher nudge and avatar popup	Teacher/student	As a teacher, I want to select students or click avatars to send nudges, view grade/recent work, apply remediation, or override gates.	Teacher cockpit select mode tracks recipients and sends nudges; avatar popup routes actions to view-as, grade, recent, nudge, remediation, and gate forms with inline status.	teacher-classroom.html; roster-server/nudge.js	tests/cockpit-select-students.test.js; tests/cockpit-nudge-panel.test.js; tests/avatar-popup-cockpit.test.js; tests/broadcast-nudge-cockpit.test.js	Automated post-fix pass: root 7424/7424; server 1061/1061 where applicable.		No open automated failures.	Passed automated suite 2026-06-21.	2026-06-22
F033	Student messaging	Nudges and replies	Student/teacher	As a student, I want to receive teacher nudges and reply, and as a teacher I want history/acks.	Server nudge routes support teacher send/history, student send/history, guest history, and student replies; Desk and cockpit render toasts, stacks, history, acks, and persistent chat.	roster-server/nudge.js; ap_stats_roadmap_square_mode.html; teacher-dashboard.html; teacher-classroom.html	tests/desk-nudge-toast.test.js; tests/nudge-toast-stack.test.js; tests/desk-student-dm.test.js; roster-server/tests/student-dm.test.js	Automated post-fix pass: root 7424/7424; server 1061/1061 where applicable.		No open automated failures.	Passed automated suite 2026-06-21.	2026-06-22
F034	Study tools	AI tutor prompt copy	Student	As a student, I want lesson-specific AI tutor prompts copied from the Desk so outside tutors stay aligned to AP Stats content.	wsx.js builds AI tutor lesson keys, fetches prompt files by unit/lesson/progress check, copies text to clipboard, and reports status.	ap_stats_roadmap_square_mode.html; ai-tutor/*	tests/remaining-feature-contracts.test.js (6/6)	Automated post-fix pass: root 7424/7424; server 1061/1061 where applicable.	None found in focused remaining-feature contract test.	No code fix required; behavior pinned by automated coverage.	Passed focused retest and full root suite post-fix.	2026-06-22
F035	Study tools	Blooket flashcards	Student/teacher	As a student, I want Blooket-style practice and flashcards tied to lessons, and as a teacher I want imports/backfills to work.	Desk exposes Blooket practice; server /class/blooket and /class/backfill-receipts ingest and reconcile blooket items; import script converts CSV templates.	ap_stats_roadmap_square_mode.html; roster-server/class.js; scripts/import-blooket.mjs	tests/desk-blooket-flashcards.test.js; tests/import-blooket.test.js; roster-server/tests/blooket.test.js; roster-server/tests/blooket-endpoint.test.js	Automated post-fix pass: root 7424/7424; server 1061/1061 where applicable.		No open automated failures.	Passed automated suite 2026-06-21.	2026-06-22
F036	Study tools	Diagnostic study guide	Student	As a student, I want an adaptive study guide that finds weak skills and guides practice.	Study guide runtime uses skill map, DAG topology, FRQ bank/decompositions, diagnostic/ladder/gating flows, and tests for v4-v7 behavior.	study_guide_diagnostic.html; data/skill-map*.json; data/dag-topology.js; lib/study-guide-runtime.test.js	tests/study-guide.test.js; tests/study-guide-v4-logic.test.js; tests/study-guide-v7-gating.test.js	Automated post-fix pass: root 7424/7424; server 1061/1061 where applicable.		No open automated failures.	Passed automated suite 2026-06-21.	2026-06-22
F037	Study tools	Study break/game app	Student	As a student, I want a lightweight study break/game surface that preserves Desk behavior and state.	wsx.js exposes studyBreak open/close/destroy, renders login/main/tabs, fetches driller/quiz data, tracks usage, and supports app icon game presence states.	ap_stats_roadmap_square_mode.html	tests/study-break-hardening.test.js; tests/study-break-stakes.test.js	Automated post-fix pass: root 7424/7424; server 1061/1061 where applicable.		No open automated failures.	Passed automated suite 2026-06-21.	2026-06-22
F038	TI-84 Trainer	Procedure route practice	Student	As a student, I want guided and recall TI-84 procedure practice with realistic screens and keypad actions.	The trainer loads procedure/pattern/state-machine data, renders calculator screen/keypad, supports route queue/library, guided/recall modes, hints, restarts, next route, unit filter, feedback, and progress meter.	ti84-trainer-v2/index.html; ti84-trainer-v2/app.js; ti84-trainer-v2/native/*.js	tests/ti84-state-machine.test.js; tests/ti84-data-trust.test.js; ti84-trainer-v2/native/tests/verify-all-procedures.test.js	Automated post-fix pass: root 7424/7424; server 1061/1061 where applicable.		No open automated failures.	Passed automated suite 2026-06-21.	2026-06-22
F039	TI-84 Trainer	Progress import/export and server state	Student/teacher	As a student, I want trainer progress to persist and move between devices; as a teacher, I want summary/leaderboard data.	Trainer UI exports/imports progress JSON; server supports GET/PUT/PATCH /trainer/state/:deckId plus leaderboard and section summary routes.	ti84-trainer-v2/app.js; roster-server/trainer.js	tests/ti84-standalone-sync.test.js; roster-server/tests/trainer.test.js	Automated post-fix pass: root 7424/7424; server 1061/1061 where applicable.		No open automated failures.	Passed automated suite 2026-06-21.	2026-06-22
F040	Teacher dashboard	Class overview and grade table	Teacher	As a teacher, I want a dashboard showing class grades, completion, readiness, and errors.	teacher-dashboard.html loads /class/grades, /rollup, /gradebook data with teacher secret or roster token, renders grade rows, quarter/unit grades, completion text, and error/info banners.	teacher-dashboard.html; roster-server/class.js; roster-server/rollup.js	tests/teacher-gradebook.test.js; tests/teacher-student-console-dashboard-deeplink.test.js; roster-server/tests/class.test.js	Automated post-fix pass: root 7424/7424; server 1061/1061 where applicable.		No open automated failures.	Passed automated suite 2026-06-21.	2026-06-22
F041	Teacher dashboard	Gradebook grid	Teacher	As a teacher, I want a spreadsheet-like gradebook grid grouped by categories and totals.	Gradebook grid columns are grouped by category, show blank-excluded Schoology totals and v3 totals, color values, show deltas, and support row click into student drawer.	teacher-dashboard.html; roster-server/gradebook-grid.js	tests/teacher-gradebook.test.js; roster-server/tests/gradebook-grid.test.js	Automated post-fix pass: root 7424/7424; server 1061/1061 where applicable.		No open automated failures.	Passed automated suite 2026-06-21.	2026-06-22
F042	Teacher dashboard	Mastery heatmap and triage	Teacher	As a teacher, I want to identify weak skills and students needing intervention.	Dashboard renders heatmap tiles and triage detail rows from mastery data, with weak/total counts, skill badges, and student lists.	teacher-dashboard.html; roster-server/mastery.js	tests/teacher-student-console-remediation.test.js; roster-server/tests/mastery.test.js	Automated post-fix pass: root 7424/7424; server 1061/1061 where applicable.		No open automated failures.	Passed automated suite 2026-06-21.	2026-06-22
F043	Teacher dashboard	Remediation workflow	Teacher	As a teacher, I want to propose, approve, complete, or waive remediation assignments from dashboard data.	Server remediation routes propose/approve/complete/waive/list/student/unlocks/propose-from-mastery; dashboard renders statuses, action buttons, modal proposal form, and refresh flows.	teacher-dashboard.html; roster-server/remediation.js	tests/teacher-student-console-remediation.test.js; roster-server/tests/remediation.test.js	Automated post-fix pass: root 7424/7424; server 1061/1061 where applicable.		No open automated failures.	Passed automated suite 2026-06-21.	2026-06-22
F044	Teacher dashboard	Student drawer	Teacher	As a teacher, I want a drawer for a single student with grade, recent work, unlocks, nudges, and actions.	Student drawer fetches profile/grade/recent/unlocks/nudges, renders Schoology-vs-v3 reconciliation, supports older nudge pagination, view-as, send message, remediation, and gate actions.	teacher-dashboard.html; roster-server/teacher.js	tests/teacher-student-console-drawer.test.js; tests/teacher-student-console-nudges-pagination.test.js; tests/teacher-student-console-unlocks.test.js	Automated post-fix pass: root 7424/7424; server 1061/1061 where applicable.		No open automated failures.	Passed automated suite 2026-06-21.	2026-06-22
F045	Teacher dashboard	View as student	Teacher	As a teacher, I want to open a student's Desk read-only to troubleshoot their exact experience.	Dashboard and cockpit actions open the Desk with view-as state; gradebookClient.fetchPrior honors __VIEW_AS_STUDENT_ID__ with teacher token for read-only prior answer access.	teacher-dashboard.html; teacher-classroom.html; gradebook-client.js	tests/desk-view-as.test.js; tests/preview-as-student.test.js; tests/worksheet-viewas-module.test.js	Automated post-fix pass: root 7424/7424; server 1061/1061 where applicable.		No open automated failures.	Passed automated suite 2026-06-21.	2026-06-22
F046	Teacher dashboard	Reward disbursement wallet panel	Teacher	As a teacher, I want to inspect class wallets, mark physical rewards, and set Doge addresses.	Dashboard fetches doge price, class wallets, class chain, supports mark candy/doge sent and address update controls, and paints reward rows.	teacher-dashboard.html; roster-server/doge-wallet.js	tests/teacher-reward-disbursement.test.js; roster-server/tests/doge-wallet.test.js	Automated post-fix pass: root 7424/7424; server 1061/1061 where applicable.		No open automated failures.	Passed automated suite 2026-06-21.	2026-06-22
F047	Teacher dashboard	Pacing overview	Teacher	As a teacher, I want pacing/readiness indicators so I know who is ahead, behind, or ready.	Dashboard loads summer schedule, computes done counts, readiness labels, relative time, and renders pacing cards/rows from class payload.	teacher-dashboard.html; data/summer-schedule.json	tests/desk-pacing-overview.test.js	Automated post-fix pass: root 7424/7424; server 1061/1061 where applicable.		No open automated failures.	Passed automated suite 2026-06-21.	2026-06-22
F048	Teacher dashboard	Trainer practice summary	Teacher	As a teacher, I want to see TI-84 trainer participation and average performance by student.	Dashboard renders trainer procedures, averages, and last activity from class grade payload; server trainer routes support summary queries.	teacher-dashboard.html; roster-server/trainer.js	roster-server/tests/trainer.test.js	Automated post-fix pass: root 7424/7424; server 1061/1061 where applicable.		No open automated failures.	Passed automated suite 2026-06-21.	2026-06-22
F049	Teacher roster console	Connection and secret handling	Teacher	As a teacher, I want to point the roster console at a service and manage the teacher secret safely on my device.	teacher-roster-console.html has service URL preset/custom field, teacher secret field, remember-secret checkbox, clear saved secret, test connection, and status messaging.	teacher-roster-console.html	tests/roster-console-structure.test.js; tests/teacher-auth-pages.test.js	Automated post-fix pass: root 7424/7424; server 1061/1061 where applicable.		No open automated failures.	Passed automated suite 2026-06-21.	2026-06-22
F050	Teacher roster console	Bulk class enrollment	Teacher	As a teacher, I want to paste a class list and enroll every student with generated or fixed passwords, then export credentials.	The console parses class list, section, password mode, fixed password row, calls rosterClient.enroll or server enroll, renders enrolled table, and exposes CSV download.	teacher-roster-console.html; roster-client.js; roster-server/server.js	tests/roster-console-structure.test.js; roster-server/tests/roster-edit.test.js	Automated post-fix pass: root 7424/7424; server 1061/1061 where applicable.		No open automated failures.	Passed automated suite 2026-06-21.	2026-06-22
F051	Teacher roster console	Single student enrollment	Teacher	As a teacher, I want to add one student with name, section, password, and optional email.	The console has Add One Student controls and posts enrollment with teacher secret, displaying username/studentId or error status.	teacher-roster-console.html; roster-client.js; roster-server/server.js	tests/roster-client.test.js; roster-server/tests/auth.test.js	Automated post-fix pass: root 7424/7424; server 1061/1061 where applicable.		No open automated failures.	Passed automated suite 2026-06-21.	2026-06-22
F052	Teacher roster console	Roster view/edit/duplicate/delete	Teacher	As a teacher, I want to load rosters, export them, and repair student records.	The console loads roster by section, renders rows with password/must-change status, edit/duplicate/delete buttons; server supports list, PATCH, DELETE, schoology UID, and section roster routes.	teacher-roster-console.html; roster-server/server.js	tests/roster-console-structure.test.js; tests/teacher-roster-uids.test.js; roster-server/tests/roster-edit.test.js	Automated post-fix pass: root 7424/7424; server 1061/1061 where applicable.		No open automated failures.	Passed automated suite 2026-06-21.	2026-06-22
F053	Teacher tools	Unit code generator	Teacher	As a teacher, I want to generate unlock codes for one student, all units, or bulk CSV rows and copy them reliably.	teacher-code-generator.html supports single code, all codes U2-U9, bulk CSV table, validation errors, async code computation, copy buttons, and copied feedback.	teacher-code-generator.html	tests/unlock-codes.test.js	Automated post-fix pass: root 7424/7424; server 1061/1061 where applicable.		No open automated failures.	Passed automated suite 2026-06-21.	2026-06-22
F054	Teacher tools	Guest reconcile	Teacher	As a teacher, I want to scan or type a guest pass and reconcile cloud work into a roster account.	teacher-guest-reconcile.html starts/stops camera scanner, scans photo/screenshot, accepts manual guest names, loads roster options, looks up work count, and calls reconcile where student answers win conflicts.	teacher-guest-reconcile.html	tests/desk-guest-chat.test.js; tests/roster-prefill.test.js	Automated post-fix pass: root 7424/7424; server 1061/1061 where applicable.		No open automated failures.	Passed automated suite 2026-06-21.	2026-06-22
F055	Teacher tools	Schoology sync utilities	Teacher/developer	As a teacher maintaining grades, I want Schoology sync tools to reconcile IDs, build fixtures, and push grades safely.	tools/schoology_sync_section.py and related tests parse Schoology pages, reconcile IDs idempotently, build fixtures, and push gradebook values through operation abstractions.	tools/schoology_sync_section.py; tools/build_schoology_fixture.py	tests/test_schoology_sync_section.py; tests/test_schoology_reconcile_idempotency.py; tests/test_schoology_ops.py	Automated post-fix pass: root 7424/7424; server 1061/1061 where applicable.		No open automated failures.	Passed automated suite 2026-06-21.	2026-06-22
F056	Teacher/dev tools	Level editor	Developer/teacher	As a level author, I want to build and validate classroom levels before running them live.	tools/level-editor.html and level tests support structure/lint/simulation for activity levels used by the classroom board.	tools/level-editor.html; activity-level.js	tests/level-editor.test.js; tests/level-editor-lint.test.js; tests/level-editor-sim.test.js	Automated post-fix pass: root 7424/7424; server 1061/1061 where applicable.		No open automated failures.	Passed automated suite 2026-06-21.	2026-06-22
F057	Server API	Health and deployment config	Developer/teacher	As an operator, I want the roster service to expose health and use safe server-only secrets.	roster-server exposes /health, uses env-based Supabase service role/token/teacher secrets, and documents Railway/Supabase deployment and smoke tests.	roster-server/server.js; roster-server/README.md	roster-server/tests/auth.test.js	Automated post-fix pass: root 7424/7424; server 1061/1061 where applicable.		No open automated failures.	Passed automated suite 2026-06-21.	2026-06-22
F058	Server API	Grade computation and rollups	Student/teacher	As a student or teacher, I want grades to be computed consistently from ledger and manifest data.	Server grade, lesson-grade, grade-config, scoring, rollup, and gradebook-grid modules compute quarter grades, unit grades, evidence tiers, blank handling, and rollup summaries.	roster-server/grade.js; roster-server/lesson-grade.js; roster-server/scoring.js; roster-server/rollup.js	roster-server/tests/grade.test.js; roster-server/tests/lesson-grade-v3.test.js; roster-server/tests/grade-sim-invariants.test.js	Automated post-fix pass: root 7424/7424; server 1061/1061 where applicable.		No open automated failures.	Passed automated suite 2026-06-21.	2026-06-22
F059	Server API	Transcript and canonical records	Student/teacher	As a student or teacher, I want transcript records to reflect canonical grade state.	Server transcript routes/modules expose transcript and canonical transcript behavior backed by tests.	roster-server/transcript.js; roster-server/transcript-canonical.js	roster-server/tests/transcript.test.js; roster-server/tests/transcript-canonical.test.js	Automated post-fix pass: root 7424/7424; server 1061/1061 where applicable.		No open automated failures.	Passed automated suite 2026-06-21.	2026-06-22
F060	Content/data	Data manifests and skill maps	Developer/teacher	As a maintainer, I want lesson, work, answer, skill, DAG, and AP cartridge data to validate so app features do not drift.	Data files and build scripts produce wrappers/manifests; tests validate work manifest, answer key, skill map, DAG renderer, curriculum charts, and framework parsing.	data/*.json; data/*.js; scripts/build-*.mjs; lib/*.js	tests/work-manifest.test.js; tests/answer-key.test.js; tests/skill-map.test.js; lib/dag-renderer.test.js; tests/framework-parse.test.js	Automated post-fix pass: root 7424/7424; server 1061/1061 where applicable.		No open automated failures.	Passed automated suite 2026-06-21.	2026-06-22
F061	Public worksheets	Worksheet table of contents	Student	As a student, I want a table of contents for all video follow-along worksheets.	index.html links TOC.html and describes 69 video follow-alongs across Units 1-9; lesson HTML files are present for each unit/lesson.	TOC.html; u*_lesson*_live.html	tests/remaining-feature-contracts.test.js (6/6)	Automated post-fix pass: root 7424/7424; server 1061/1061 where applicable.	None found in focused remaining-feature contract test.	No code fix required; behavior pinned by automated coverage.	Passed focused retest and full root suite post-fix.	2026-06-22
F062	External tools	Equation trainer link	Student	As a student, I want the formula trainer to open externally without replacing the course site.	index.html links the external tmux trainer with target _blank and rel noopener, labeled as external.	index.html	tests/remaining-feature-contracts.test.js (6/6)	Automated post-fix pass: root 7424/7424; server 1061/1061 where applicable.	None found in focused remaining-feature contract test.	No code fix required; behavior pinned by automated coverage.	Passed focused retest and full root suite post-fix.	2026-06-22
F063	Worksheets	AI reflection grading and enriched pass	Student	As a student, I want to grade my written reflections with AI and get E/P/I feedback plus a polished "enriched" version of my answer, with my grade only ever raised.	Each worksheet's ReflectionGrader grades free-response textareas via /api/ai/grade, shows an E/P/I score badge with feedback, renders an upgrade-only enriched/polished answer, applies a short-answer gate, and never lowers a prior score; wired across all 69 worksheets by scripts/wire-ai-worksheet-grade.mjs.	u3_lesson6-7_live.html; scripts/wire-ai-worksheet-grade.mjs; ai-grading-prompts.js	tests/reflection-grader.test.js; tests/ai-worksheet-grade.test.js; tests/grading-prompts.test.js; tests/grading-prompts-u4.test.js	Automated post-fix pass: root 7424/7424; server 1061/1061 where applicable.		No code fix required; coverage row added 2026-06-22 to close an audit-found tracker gap (capability already shipped with tests, no representing row).	Passed automated suite 2026-06-22.	2026-06-22
F064	Worksheets	Reflection appeal system	Student	As a student, I want to appeal a P/I reflection score with written reasoning (up to 3 times, with the score never lowered) so I can dispute and improve my mastery credit.	ReflectionGrader.submitAppeal POSTs /api/ai/appeal; the feedback UI shows a "Disagree? Explain your reasoning" form gated by AI-graded && score!=E && appealCount<3, requires >=10 chars, tracks n/3 appeals used, and clamps so an appeal can never lower the prior score; replicated across all 69 worksheets.	u3_lesson6-7_live.html; scripts/wire-appeal-clamp.mjs	tests/appeal-state-machine.test.js; tests/appeal-clamp-live.test.js	Automated post-fix pass: root 7424/7424; server 1061/1061 where applicable.		No code fix required; coverage row added 2026-06-22 to close an audit-found tracker gap (capability already shipped with tests, no representing row).	Passed automated suite 2026-06-22.	2026-06-22
F065	Worksheets	Class answer distribution drawer	Student	As a student, I want a "Class" button on each worksheet question that opens a drawer of bar charts showing how the whole class answered each blank, refreshing as answers are saved.	injectAggregateButtons adds a per-question Class trigger; openDrawerForQuestion opens the #aggregateDrawer slide-out and renderAllBlanksInDrawer draws per-blank class-distribution bar charts from fetchQuestionStats (/api/question-stats); present across all 69 worksheets.	u3_lesson6-7_live.html; railway_client.js	tests/aggregate-drawer.test.js	Automated post-fix pass: root 7424/7424; server 1061/1061 where applicable.		No code fix required; coverage row added 2026-06-22 to close an audit-found tracker gap (capability already shipped with tests, no representing row).	Passed automated suite 2026-06-22.	2026-06-22
F066	Desk shell	Stale-tab update nudge	Student/teacher	As a Desk user with a long-open tab, I want to be told when a newer build is deployed so I can reload off a stale cached version.	_wireUpdateNudge fetches version.json (cache:no-store) and compares v.build to APP_BUILD on an interval and on tab refocus; on mismatch it shows a dismissible reload banner. scripts/bump-build.mjs keeps version.json.build === APP_BUILD (no-loop invariant).	ap_stats_roadmap_square_mode.html; version.json; scripts/bump-build.mjs	tests/desk-update-nudge.test.js	Automated post-fix pass: root 7424/7424; server 1061/1061 where applicable.		No code fix required; coverage row added 2026-06-22 to close an audit-found tracker gap (capability already shipped with tests, no representing row).	Passed automated suite 2026-06-22.	2026-06-22
F067	Desk shell	Menu-bar sound mute toggle	Student/teacher	As a Desk user, I want to mute/unmute all Desk sound effects from the menu bar with a 1-bit speaker icon and have the choice persist.	The #mac-mute menu-bar control renders a black classic-Mac speaker SVG via _renderSoundIcon, toggles MacSFX mute via _toggleSound, is keyboard-accessible (Enter/Space, role=button, aria-pressed), and reflects on/muted state in the artwork.	ap_stats_roadmap_square_mode.html	tests/desk-sound-icon.test.js	Automated post-fix pass: root 7424/7424; server 1061/1061 where applicable.		No code fix required; coverage row added 2026-06-22 to close an audit-found tracker gap (capability already shipped with tests, no representing row).	Passed automated suite 2026-06-22.	2026-06-22
F068	Live Classroom	Avatar social popover and self-emote	Student	As a student, I want to tap a classmate's Live Classroom avatar to reveal their name and send candy or challenge them to a game, and tap my own avatar for a happy-bounce reaction.	On the student Desk, classroom names are click-to-reveal (no floating labels): tapping a classmate opens a fixed name chip then a 🍬 Send candy / ⚔️ Start a game popover; tapping self plays a happy-bounce emote. Untrusted WS usernames render via textContent and wire via addEventListener (XSS-safe). The teacher cockpit keeps floating names.	ap_stats_roadmap_square_mode.html; classroom-board.js	tests/desk-avatar-menu.test.js; tests/desk-self-emote.test.js	Automated post-fix pass: root 7424/7424; server 1061/1061 where applicable.		No code fix required; coverage row added 2026-06-22 to close an audit-found tracker gap (capability already shipped with tests, no representing row).	Passed automated suite 2026-06-22.	2026-06-22
F069	Wallet	Candy poke gifting	Student	As a student, I want to tap a classmate to send them 1 candy with a 3-second undo and a toast/chime notification, while guest/self/cooldown/balance guards prevent spam or invalid sends.	The avatar Send-candy action runs _candyPoke: an optimistic "Sent 1 candy - Undo" (3s, commit deferred so undo needs no reversal) then POST /wallet/gift; a cosmetic candy_gift_received relay over the classroom WS toasts the recipient (username only; balance is always server truth). Per-recipient cooldown plus the server daily cap bound it.	ap_stats_roadmap_square_mode.html; roster-server/doge-wallet.js	tests/candy-poke.test.js	Automated post-fix pass: root 7424/7424; server 1061/1061 where applicable.		No code fix required; coverage row added 2026-06-22 to close an audit-found tracker gap (capability already shipped with tests, no representing row).	Passed automated suite 2026-06-22.	2026-06-22
F070	Student grades	Sealed transcript export and printable summary	Student/guardian	As a student/guardian, I want to download my sealed quarter transcript JSON and print a QR-verifiable one-page progress summary so a parent or verifier can confirm grades offline.	exportSealedTranscript fetches /transcript with a Bearer token and downloads the signed transcript as a JSON Blob via a generated anchor; printSealedSummary renders a printable summary; both show a sign-in message and never emit an empty file when no token is present.	ap_stats_roadmap_square_mode.html; roster-server/transcript.js	tests/remaining-feature-contracts.test.js	Automated post-fix pass: root 7424/7424; server 1061/1061 where applicable.		Coverage row + new automated test added 2026-06-22 to close an audit-found tracker gap (capability shipped but had no test).	Passed automated suite 2026-06-22.	2026-06-22
F071	Receipts	Progress proto-git commit chain	Student	As a student, I want my ledger receipts grouped into signed, prev-chained work-session commits I can flash as a per-session QR for offline verification.	buildCommits orders immutable ledger receipts, splits them into work sessions on a >25-min idle gap and into MAX_PER_COMMIT(8)-sized QR-fittable chunks, computes an order-independent root per chunk, prev-chains commits, returns {commits, head}, and skips a chunk with duplicate ids; GET /commits serves it behind a verified token.	roster-server/commits.js; roster-server/receipts.js	roster-server/tests/commits.test.js	Automated post-fix pass: root 7424/7424; server 1061/1061 where applicable.		Coverage row + new automated test added 2026-06-22 to close an audit-found tracker gap (capability shipped but had no test).	Passed automated suite 2026-06-22.	2026-06-22
F072	Study tools	Diagnostic study guide peer scoreboard	Student	As a signed-in student, I want to see how my green mastery-node count ranks against classmates so I can gauge my standing.	A Scoreboard button opens showScoreboardModal, which fetches class data via fetchScoreboardData, ranks students by green mastery-node count (descending, name tiebreak), highlights the signed-in student row, shows a midpoint cutoff separator, and is Escape/Close-dismissable.	study_guide_diagnostic.html	tests/remaining-feature-contracts.test.js	Automated post-fix pass: root 7424/7424; server 1061/1061 where applicable.		Coverage row + new automated test added 2026-06-22 to close an audit-found tracker gap (capability shipped but had no test).	Passed automated suite 2026-06-22.	2026-06-22
